[
    {
        "phoneNumber":"(P03)-879-2294"
    },
    {
        "phoneNumber":
        "(Q03)-879-2294"
    },
    {
        "phoneNumber":
        "(R03)-879-2294"
    },
    {
        "phoneNumber":
        "(S03)-879-2294"
    },
    {
        "phoneNumber":
        "(70D)-879-2294"
    },
    {
        "phoneNumber":
        "(70E)-879-2294"
    },
    {
        "phoneNumber":
        "(70F)-879-2294"
    },
    {
        "phoneNumber":
        "(703)-T79-2294"
    },
    {
        "phoneNumber":
        "(703)-U79-2294"
    },
    {
        "phoneNumber":
        "(703)-V79-2294"
    },
    {
        "phoneNumber":
        "(703)-8P9-2294"
    },
    {
        "phoneNumber":
        "(703)-8Q9-2294"
    },
    {
        "phoneNumber":
        "(703)-8R9-2294"
    },
    {
        "phoneNumber":
        "(703)-8S9-2294"
    },
    {
        "phoneNumber":
        "(703)-87W-2294"
    },
    {
        "phoneNumber":
        "(703)-87X-2294"
    },
    {
        "phoneNumber":
        "(703)-87Y-2294"
    },
    {
        "phoneNumber":
        "(703)-87Z-2294"
    }
]
